Quarter;Ann√©e;Arrondissement;Prix;Pays
Q3;2019;75001;12 840 ;France
Q2;2019;75001;12 520 ;France
Q1;2019;75001;12 020 ;France
Q4;2018;75001;12 060 ;France
Q3;2018;75001;12 780 ;France
Q2;2018;75001;12 270 ;France
Q1;2018;75001;12 050 ;France
Q4;2017;75001;11 560 ;France
Q3;2017;75001;11 380 ;France
Q2;2017;75001;11 060 ;France
Q1;2017;75001;11 410 ;France
Q4;2016;75001;10 250 ;France
Q3;2016;75001;10 860 ;France
Q2;2016;75001;10 630 ;France
Q1;2016;75001;10 390 ;France
Q4;2015;75001;11 030 ;France
Q3;2015;75001;10 500 ;France
Q2;2015;75001;9 870 ;France
Q1;2015;75001;9 910 ;France
Q4;2014;75001;10 690 ;France
Q3;2014;75001;10 060 ;France
Q2;2014;75001;10 640 ;France
Q1;2014;75001;9 820 ;France
Q4;2013;75001;10 280 ;France
Q3;2013;75001;10 130 ;France
Q2;2013;75001;9 870 ;France
Q1;2013;75001;11 130 ;France
Q4;2012;75001;10 560 ;France
Q3;2012;75001;10 860 ;France
Q2;2012;75001;10 920 ;France
Q1;2012;75001;10 700 ;France
Q4;2011;75001;10 460 ;France
Q3;2011;75001;10 860 ;France
Q2;2011;75001;10 660 ;France
Q1;2011;75001;9 930 ;France
Q4;2010;75001;9 510 ;France
Q3;2010;75001;9 300 ;France
Q2;2010;75001;8 910 ;France
Q1;2010;75001;8 540 ;France
Q4;2009;75001;8 390 ;France
Q3;2009;75001;8 030 ;France
Q2;2009;75001;7 980 ;France
Q1;2009;75001;8 560 ;France
Q4;2008;75001;7 900 ;France
Q3;2008;75001;8 860 ;France
Q2;2008;75001;8 220 ;France
Q1;2008;75001;8 790 ;France
Q4;2007;75001;8 310 ;France
Q3;2007;75001;7 950 ;France
Q2;2007;75001;7 330 ;France
Q1;2007;75001;7 090 ;France
Q4;2006;75001;6 930 ;France
Q3;2006;75001;7 180 ;France
Q2;2006;75001;6 960 ;France
Q1;2006;75001;6 700 ;France
Q4;2005;75001;6 610 ;France
Q3;2005;75001;6 170 ;France
Q2;2005;75001;6 150 ;France
Q1;2005;75001;6 030 ;France
Q4;2004;75001;6 510 ;France
Q3;2004;75001;6 090 ;France
Q2;2004;75001;5 690 ;France
Q1;2004;75001;5 610 ;France
Q4;2003;75001;5 100 ;France
Q3;2003;75001;4 700 ;France
Q2;2003;75001;4 750 ;France
Q1;2003;75001;4 860 ;France
Q4;2002;75001;5 010 ;France
Q3;2002;75001;4 710 ;France
Q2;2002;75001;4 210 ;France
Q1;2002;75001;3 720 ;France
Q4;2001;75001;3 940 ;France
Q3;2001;75001;4 150 ;France
Q2;2001;75001;3 930 ;France
Q1;2001;75001;3 780 ;France
Q4;2000;75001;3 500 ;France
Q3;2000;75001;3 690 ;France
Q2;2000;75001;3 900 ;France
Q1;2000;75001;3 580 ;France
Q4;1999;75001;3 370 ;France
Q3;1999;75001;3 140 ;France
Q3;2019;75002;11 250 ;France
Q2;2019;75002;11 860 ;France
Q1;2019;75002;11 630 ;France
Q4;2018;75002;11 200 ;France
Q3;2018;75002;11 360 ;France
Q2;2018;75002;11 250 ;France
Q1;2018;75002;11 120 ;France
Q4;2017;75002;10 890 ;France
Q3;2017;75002;10 590 ;France
Q2;2017;75002;10 080 ;France
Q1;2017;75002;9 830 ;France
Q4;2016;75002;9 630 ;France
Q3;2016;75002;9 920 ;France
Q2;2016;75002;9 230 ;France
Q1;2016;75002;9 670 ;France
Q4;2015;75002;9 290 ;France
Q3;2015;75002;9 560 ;France
Q2;2015;75002;9 610 ;France
Q1;2015;75002;9 450 ;France
Q4;2014;75002;9 380 ;France
Q3;2014;75002;9 190 ;France
Q2;2014;75002;10 000 ;France
Q1;2014;75002;9 620 ;France
Q4;2013;75002;9 460 ;France
Q3;2013;75002;9 700 ;France
Q2;2013;75002;9 570 ;France
Q1;2013;75002;9 760 ;France
Q4;2012;75002;9 800 ;France
Q3;2012;75002;9 250 ;France
Q2;2012;75002;9 760 ;France
Q1;2012;75002;9 130 ;France
Q4;2011;75002;9 600 ;France
Q3;2011;75002;9 430 ;France
Q2;2011;75002;9 240 ;France
Q1;2011;75002;8 700 ;France
Q4;2010;75002;8 290 ;France
Q3;2010;75002;8 010 ;France
Q2;2010;75002;7 150 ;France
Q1;2010;75002;7 210 ;France
Q4;2009;75002;6 780 ;France
Q3;2009;75002;7 150 ;France
Q2;2009;75002;6 910 ;France
Q1;2009;75002;7 500 ;France
Q4;2008;75002;7 450 ;France
Q3;2008;75002;7 360 ;France
Q2;2008;75002;7 410 ;France
Q1;2008;75002;7 020 ;France
Q4;2007;75002;7 120 ;France
Q3;2007;75002;6 770 ;France
Q2;2007;75002;6 600 ;France
Q1;2007;75002;6 450 ;France
Q4;2006;75002;6 620 ;France
Q3;2006;75002;6 520 ;France
Q2;2006;75002;6 130 ;France
Q1;2006;75002;6 210 ;France
Q4;2005;75002;5 740 ;France
Q3;2005;75002;5 700 ;France
Q2;2005;75002;5 560 ;France
Q1;2005;75002;5 440 ;France
Q4;2004;75002;5 240 ;France
Q3;2004;75002;4 970 ;France
Q2;2004;75002;4 720 ;France
Q1;2004;75002;4 650 ;France
Q4;2003;75002;4 610 ;France
Q3;2003;75002;4 150 ;France
Q2;2003;75002;4 320 ;France
Q1;2003;75002;4 090 ;France
Q4;2002;75002;3 840 ;France
Q3;2002;75002;3 940 ;France
Q2;2002;75002;3 390 ;France
Q1;2002;75002;3 580 ;France
Q4;2001;75002;3 440 ;France
Q3;2001;75002;3 350 ;France
Q2;2001;75002;3 200 ;France
Q1;2001;75002;3 290 ;France
Q4;2000;75002;3 020 ;France
Q3;2000;75002;3 090 ;France
Q2;2000;75002;2 790 ;France
Q1;2000;75002;2 790 ;France
Q4;1999;75002;2 580 ;France
Q3;1999;75002;2 480 ;France
Q3;2019;75003;12 260 ;France
Q2;2019;75003;11 970 ;France
Q1;2019;75003;11 430 ;France
Q4;2018;75003;11 880 ;France
Q3;2018;75003;11 300 ;France
Q2;2018;75003;11 150 ;France
Q1;2018;75003;11 020 ;France
Q4;2017;75003;11 170 ;France
Q3;2017;75003;11 020 ;France
Q2;2017;75003;10 310 ;France
Q1;2017;75003;10 490 ;France
Q4;2016;75003;10 260 ;France
Q3;2016;75003;9 740 ;France
Q2;2016;75003;9 960 ;France
Q1;2016;75003;9 610 ;France
Q4;2015;75003;9 550 ;France
Q3;2015;75003;9 820 ;France
Q2;2015;75003;9 670 ;France
Q1;2015;75003;9 690 ;France
Q4;2014;75003;9 620 ;France
Q3;2014;75003;9 850 ;France
Q2;2014;75003;9 830 ;France
Q1;2014;75003;9 960 ;France
Q4;2013;75003;9 720 ;France
Q3;2013;75003;10 220 ;France
Q2;2013;75003;10 200 ;France
Q1;2013;75003;10 340 ;France
Q4;2012;75003;10 320 ;France
Q3;2012;75003;10 540 ;France
Q2;2012;75003;10 170 ;France
Q1;2012;75003;10 040 ;France
Q4;2011;75003;10 320 ;France
Q3;2011;75003;10 030 ;France
Q2;2011;75003;9 560 ;France
Q1;2011;75003;9 590 ;France
Q4;2010;75003;8 440 ;France
Q3;2010;75003;8 480 ;France
Q2;2010;75003;8 020 ;France
Q1;2010;75003;7 620 ;France
Q4;2009;75003;7 450 ;France
Q3;2009;75003;7 490 ;France
Q2;2009;75003;6 830 ;France
Q1;2009;75003;7 620 ;France
Q4;2008;75003;7 620 ;France
Q3;2008;75003;8 140 ;France
Q2;2008;75003;7 950 ;France
Q1;2008;75003;7 850 ;France
Q4;2007;75003;7 820 ;France
Q3;2007;75003;7 590 ;France
Q2;2007;75003;7 320 ;France
Q1;2007;75003;7 420 ;France
Q4;2006;75003;6 750 ;France
Q3;2006;75003;6 900 ;France
Q2;2006;75003;6 520 ;France
Q1;2006;75003;6 220 ;France
Q4;2005;75003;6 170 ;France
Q3;2005;75003;5 980 ;France
Q2;2005;75003;5 790 ;France
Q1;2005;75003;5 750 ;France
Q4;2004;75003;5 380 ;France
Q3;2004;75003;5 340 ;France
Q2;2004;75003;4 960 ;France
Q1;2004;75003;4 830 ;France
Q4;2003;75003;4 810 ;France
Q3;2003;75003;4 550 ;France
Q2;2003;75003;4 250 ;France
Q1;2003;75003;3 830 ;France
Q4;2002;75003;3 970 ;France
Q3;2002;75003;3 950 ;France
Q2;2002;75003;3 730 ;France
Q1;2002;75003;3 650 ;France
Q4;2001;75003;3 610 ;France
Q3;2001;75003;3 560 ;France
Q2;2001;75003;3 600 ;France
Q1;2001;75003;3 460 ;France
Q4;2000;75003;3 290 ;France
Q3;2000;75003;3 430 ;France
Q2;2000;75003;3 340 ;France
Q1;2000;75003;3 100 ;France
Q4;1999;75003;3 040 ;France
Q3;1999;75003;2 840 ;France
Q3;2019;75004;12 790 ;France
Q2;2019;75004;12 610 ;France
Q1;2019;75004;12 710 ;France
Q4;2018;75004;13 050 ;France
Q3;2018;75004;12 750 ;France
Q2;2018;75004;12 340 ;France
Q1;2018;75004;11 860 ;France
Q4;2017;75004;11 540 ;France
Q3;2017;75004;11 840 ;France
Q2;2017;75004;11 990 ;France
Q1;2017;75004;11 630 ;France
Q4;2016;75004;11 310 ;France
Q3;2016;75004;11 550 ;France
Q2;2016;75004;11 300 ;France
Q1;2016;75004;11 330 ;France
Q4;2015;75004;11 130 ;France
Q3;2015;75004;11 520 ;France
Q2;2015;75004;10 830 ;France
Q1;2015;75004;10 280 ;France
Q4;2014;75004;10 730 ;France
Q3;2014;75004;11 250 ;France
Q2;2014;75004;11 220 ;France
Q1;2014;75004;11 070 ;France
Q4;2013;75004;11 350 ;France
Q3;2013;75004;11 000 ;France
Q2;2013;75004;11 620 ;France
Q1;2013;75004;10 670 ;France
Q4;2012;75004;11 060 ;France
Q3;2012;75004;10 980 ;France
Q2;2012;75004;10 830 ;France
Q1;2012;75004;11 070 ;France
Q4;2011;75004;10 280 ;France
Q3;2011;75004;10 980 ;France
Q2;2011;75004;11 160 ;France
Q1;2011;75004;10 220 ;France
Q4;2010;75004;9 200 ;France
Q3;2010;75004;9 510 ;France
Q2;2010;75004;8 490 ;France
Q1;2010;75004;8 760 ;France
Q4;2009;75004;8 510 ;France
Q3;2009;75004;8 350 ;France
Q2;2009;75004;8 120 ;France
Q1;2009;75004;8 520 ;France
Q4;2008;75004;8 900 ;France
Q3;2008;75004;8 620 ;France
Q2;2008;75004;8 890 ;France
Q1;2008;75004;8 290 ;France
Q4;2007;75004;8 420 ;France
Q3;2007;75004;8 180 ;France
Q2;2007;75004;7 750 ;France
Q1;2007;75004;7 590 ;France
Q4;2006;75004;7 530 ;France
Q3;2006;75004;7 760 ;France
Q2;2006;75004;7 180 ;France
Q1;2006;75004;7 300 ;France
Q4;2005;75004;6 890 ;France
Q3;2005;75004;7 120 ;France
Q2;2005;75004;6 380 ;France
Q1;2005;75004;6 370 ;France
Q4;2004;75004;6 560 ;France
Q3;2004;75004;5 660 ;France
Q2;2004;75004;5 880 ;France
Q1;2004;75004;5 740 ;France
Q4;2003;75004;5 550 ;France
Q3;2003;75004;5 320 ;France
Q2;2003;75004;5 080 ;France
Q1;2003;75004;5 140 ;France
Q4;2002;75004;4 950 ;France
Q3;2002;75004;4 940 ;France
Q2;2002;75004;4 470 ;France
Q1;2002;75004;4 660 ;France
Q4;2001;75004;4 320 ;France
Q3;2001;75004;4 480 ;France
Q2;2001;75004;4 010 ;France
Q1;2001;75004;4 420 ;France
Q4;2000;75004;4 110 ;France
Q3;2000;75004;4 290 ;France
Q2;2000;75004;4 080 ;France
Q1;2000;75004;4 020 ;France
Q4;1999;75004;3 560 ;France
Q3;1999;75004;3 620 ;France
Q3;2019;75005;12 140 ;France
Q2;2019;75005;11 880 ;France
Q1;2019;75005;11 530 ;France
Q4;2018;75005;11 390 ;France
Q3;2018;75005;11 800 ;France
Q2;2018;75005;11 290 ;France
Q1;2018;75005;11 420 ;France
Q4;2017;75005;11 100 ;France
Q3;2017;75005;11 210 ;France
Q2;2017;75005;11 010 ;France
Q1;2017;75005;11 040 ;France
Q4;2016;75005;10 720 ;France
Q3;2016;75005;10 510 ;France
Q2;2016;75005;10 390 ;France
Q1;2016;75005;9 910 ;France
Q4;2015;75005;10 300 ;France
Q3;2015;75005;9 940 ;France
Q2;2015;75005;9 850 ;France
Q1;2015;75005;9 780 ;France
Q4;2014;75005;10 540 ;France
Q3;2014;75005;9 970 ;France
Q2;2014;75005;10 110 ;France
Q1;2014;75005;9 990 ;France
Q4;2013;75005;10 050 ;France
Q3;2013;75005;10 250 ;France
Q2;2013;75005;10 210 ;France
Q1;2013;75005;10 450 ;France
Q4;2012;75005;10 370 ;France
Q3;2012;75005;10 460 ;France
Q2;2012;75005;10 610 ;France
Q1;2012;75005;10 310 ;France
Q4;2011;75005;10 180 ;France
Q3;2011;75005;10 620 ;France
Q2;2011;75005;10 240 ;France
Q1;2011;75005;9 660 ;France
Q4;2010;75005;9 230 ;France
Q3;2010;75005;9 040 ;France
Q2;2010;75005;8 380 ;France
Q1;2010;75005;8 020 ;France
Q4;2009;75005;7 850 ;France
Q3;2009;75005;7 830 ;France
Q2;2009;75005;7 950 ;France
Q1;2009;75005;7 640 ;France
Q4;2008;75005;8 340 ;France
Q3;2008;75005;8 460 ;France
Q2;2008;75005;8 190 ;France
Q1;2008;75005;7 970 ;France
Q4;2007;75005;7 720 ;France
Q3;2007;75005;7 970 ;France
Q2;2007;75005;7 570 ;France
Q1;2007;75005;7 490 ;France
Q4;2006;75005;7 040 ;France
Q3;2006;75005;7 360 ;France
Q2;2006;75005;7 030 ;France
Q1;2006;75005;6 810 ;France
Q4;2005;75005;6 850 ;France
Q3;2005;75005;6 510 ;France
Q2;2005;75005;6 170 ;France
Q1;2005;75005;6 190 ;France
Q4;2004;75005;6 220 ;France
Q3;2004;75005;6 080 ;France
Q2;2004;75005;5 800 ;France
Q1;2004;75005;5 790 ;France
Q4;2003;75005;5 450 ;France
Q3;2003;75005;5 240 ;France
Q2;2003;75005;5 220 ;France
Q1;2003;75005;5 030 ;France
Q4;2002;75005;4 750 ;France
Q3;2002;75005;4 680 ;France
Q2;2002;75005;4 560 ;France
Q1;2002;75005;4 340 ;France
Q4;2001;75005;4 470 ;France
Q3;2001;75005;4 310 ;France
Q2;2001;75005;4 210 ;France
Q1;2001;75005;4 170 ;France
Q4;2000;75005;4 090 ;France
Q3;2000;75005;3 940 ;France
Q2;2000;75005;3 850 ;France
Q1;2000;75005;3 790 ;France
Q4;1999;75005;3 580 ;France
Q3;1999;75005;3 530 ;France
Q3;2019;75006;14 180 ;France
Q2;2019;75006;13 850 ;France
Q1;2019;75006;13 740 ;France
Q4;2018;75006;13 330 ;France
Q3;2018;75006;13 000 ;France
Q2;2018;75006;12 640 ;France
Q1;2018;75006;12 600 ;France
Q4;2017;75006;12 360 ;France
Q3;2017;75006;12 020 ;France
Q2;2017;75006;12 090 ;France
Q1;2017;75006;11 730 ;France
Q4;2016;75006;11 240 ;France
Q3;2016;75006;11 250 ;France
Q2;2016;75006;11 330 ;France
Q1;2016;75006;11 370 ;France
Q4;2015;75006;11 160 ;France
Q3;2015;75006;11 560 ;France
Q2;2015;75006;12 020 ;France
Q1;2015;75006;11 430 ;France
Q4;2014;75006;11 020 ;France
Q3;2014;75006;11 810 ;France
Q2;2014;75006;11 530 ;France
Q1;2014;75006;11 780 ;France
Q4;2013;75006;12 190 ;France
Q3;2013;75006;11 740 ;France
Q2;2013;75006;12 080 ;France
Q1;2013;75006;12 030 ;France
Q4;2012;75006;12 770 ;France
Q3;2012;75006;12 450 ;France
Q2;2012;75006;12 510 ;France
Q1;2012;75006;11 930 ;France
Q4;2011;75006;12 490 ;France
Q3;2011;75006;12 220 ;France
Q2;2011;75006;11 940 ;France
Q1;2011;75006;11 500 ;France
Q4;2010;75006;10 880 ;France
Q3;2010;75006;10 330 ;France
Q2;2010;75006;9 880 ;France
Q1;2010;75006;9 480 ;France
Q4;2009;75006;8 980 ;France
Q3;2009;75006;9 430 ;France
Q2;2009;75006;9 220 ;France
Q1;2009;75006;9 950 ;France
Q4;2008;75006;9 670 ;France
Q3;2008;75006;10 160 ;France
Q2;2008;75006;9 770 ;France
Q1;2008;75006;9 820 ;France
Q4;2007;75006;9 460 ;France
Q3;2007;75006;9 160 ;France
Q2;2007;75006;8 350 ;France
Q1;2007;75006;8 820 ;France
Q4;2006;75006;8 440 ;France
Q3;2006;75006;8 200 ;France
Q2;2006;75006;7 880 ;France
Q1;2006;75006;7 780 ;France
Q4;2005;75006;7 310 ;France
Q3;2005;75006;7 560 ;France
Q2;2005;75006;7 340 ;France
Q1;2005;75006;6 830 ;France
Q4;2004;75006;6 660 ;France
Q3;2004;75006;6 750 ;France
Q2;2004;75006;6 580 ;France
Q1;2004;75006;6 460 ;France
Q4;2003;75006;6 110 ;France
Q3;2003;75006;6 070 ;France
Q2;2003;75006;6 000 ;France
Q1;2003;75006;6 150 ;France
Q4;2002;75006;5 860 ;France
Q3;2002;75006;5 580 ;France
Q2;2002;75006;5 430 ;France
Q1;2002;75006;5 210 ;France
Q4;2001;75006;5 400 ;France
Q3;2001;75006;5 220 ;France
Q2;2001;75006;5 110 ;France
Q1;2001;75006;5 180 ;France
Q4;2000;75006;5 050 ;France
Q3;2000;75006;4 870 ;France
Q2;2000;75006;4 610 ;France
Q1;2000;75006;4 440 ;France
Q4;1999;75006;4 490 ;France
Q3;1999;75006;4 350 ;France
Q3;2019;75007;13 230 ;France
Q2;2019;75007;12 850 ;France
Q1;2019;75007;12 870 ;France
Q4;2018;75007;12 680 ;France
Q3;2018;75007;12 350 ;France
Q2;2018;75007;12 310 ;France
Q1;2018;75007;11 810 ;France
Q4;2017;75007;11 530 ;France
Q3;2017;75007;11 980 ;France
Q2;2017;75007;11 690 ;France
Q1;2017;75007;10 720 ;France
Q4;2016;75007;11 130 ;France
Q3;2016;75007;11 060 ;France
Q2;2016;75007;11 230 ;France
Q1;2016;75007;11 070 ;France
Q4;2015;75007;10 860 ;France
Q3;2015;75007;10 810 ;France
Q2;2015;75007;10 960 ;France
Q1;2015;75007;10 350 ;France
Q4;2014;75007;11 010 ;France
Q3;2014;75007;11 060 ;France
Q2;2014;75007;11 070 ;France
Q1;2014;75007;11 060 ;France
Q4;2013;75007;11 430 ;France
Q3;2013;75007;11 100 ;France
Q2;2013;75007;11 240 ;France
Q1;2013;75007;10 980 ;France
Q4;2012;75007;11 360 ;France
Q3;2012;75007;11 480 ;France
Q2;2012;75007;11 920 ;France
Q1;2012;75007;11 980 ;France
Q4;2011;75007;11 810 ;France
Q3;2011;75007;11 900 ;France
Q2;2011;75007;11 630 ;France
Q1;2011;75007;11 370 ;France
Q4;2010;75007;10 410 ;France
Q3;2010;75007;9 630 ;France
Q2;2010;75007;9 440 ;France
Q1;2010;75007;9 170 ;France
Q4;2009;75007;8 790 ;France
Q3;2009;75007;8 860 ;France
Q2;2009;75007;8 660 ;France
Q1;2009;75007;9 210 ;France
Q4;2008;75007;9 370 ;France
Q3;2008;75007;9 460 ;France
Q2;2008;75007;9 340 ;France
Q1;2008;75007;9 280 ;France
Q4;2007;75007;9 000 ;France
Q3;2007;75007;8 710 ;France
Q2;2007;75007;8 720 ;France
Q1;2007;75007;8 190 ;France
Q4;2006;75007;7 890 ;France
Q3;2006;75007;7 640 ;France
Q2;2006;75007;7 660 ;France
Q1;2006;75007;7 390 ;France
Q4;2005;75007;7 160 ;France
Q3;2005;75007;7 110 ;France
Q2;2005;75007;6 860 ;France
Q1;2005;75007;6 450 ;France
Q4;2004;75007;6 330 ;France
Q3;2004;75007;6 270 ;France
Q2;2004;75007;6 370 ;France
Q1;2004;75007;6 010 ;France
Q4;2003;75007;5 770 ;France
Q3;2003;75007;5 780 ;France
Q2;2003;75007;5 430 ;France
Q1;2003;75007;5 690 ;France
Q4;2002;75007;5 380 ;France
Q3;2002;75007;5 020 ;France
Q2;2002;75007;5 210 ;France
Q1;2002;75007;4 870 ;France
Q4;2001;75007;4 940 ;France
Q3;2001;75007;5 090 ;France
Q2;2001;75007;4 760 ;France
Q1;2001;75007;4 860 ;France
Q4;2000;75007;4 720 ;France
Q3;2000;75007;4 650 ;France
Q2;2000;75007;4 660 ;France
Q1;2000;75007;4 230 ;France
Q4;1999;75007;4 190 ;France
Q3;1999;75007;4 080 ;France
Q3;2019;75008;11 240 ;France
Q2;2019;75008;11 180 ;France
Q1;2019;75008;11 130 ;France
Q4;2018;75008;10 840 ;France
Q3;2018;75008;10 590 ;France
Q2;2018;75008;9 900 ;France
Q1;2018;75008;10 000 ;France
Q4;2017;75008;9 900 ;France
Q3;2017;75008;10 000 ;France
Q2;2017;75008;9 910 ;France
Q1;2017;75008;9 900 ;France
Q4;2016;75008;9 210 ;France
Q3;2016;75008;9 270 ;France
Q2;2016;75008;9 280 ;France
Q1;2016;75008;8 980 ;France
Q4;2015;75008;9 060 ;France
Q3;2015;75008;9 130 ;France
Q2;2015;75008;9 530 ;France
Q1;2015;75008;9 060 ;France
Q4;2014;75008;9 170 ;France
Q3;2014;75008;9 330 ;France
Q2;2014;75008;9 320 ;France
Q1;2014;75008;10 090 ;France
Q4;2013;75008;9 600 ;France
Q3;2013;75008;9 400 ;France
Q2;2013;75008;9 290 ;France
Q1;2013;75008;9 930 ;France
Q4;2012;75008;9 640 ;France
Q3;2012;75008;9 880 ;France
Q2;2012;75008;9 880 ;France
Q1;2012;75008;10 020 ;France
Q4;2011;75008;10 120 ;France
Q3;2011;75008;10 100 ;France
Q2;2011;75008;9 280 ;France
Q1;2011;75008;9 310 ;France
Q4;2010;75008;8 890 ;France
Q3;2010;75008;8 080 ;France
Q2;2010;75008;7 990 ;France
Q1;2010;75008;8 080 ;France
Q4;2009;75008;8 150 ;France
Q3;2009;75008;7 450 ;France
Q2;2009;75008;7 300 ;France
Q1;2009;75008;7 430 ;France
Q4;2008;75008;7 910 ;France
Q3;2008;75008;8 560 ;France
Q2;2008;75008;7 740 ;France
Q1;2008;75008;7 900 ;France
Q4;2007;75008;8 080 ;France
Q3;2007;75008;7 460 ;France
Q2;2007;75008;7 030 ;France
Q1;2007;75008;7 510 ;France
Q4;2006;75008;6 920 ;France
Q3;2006;75008;6 500 ;France
Q2;2006;75008;6 080 ;France
Q1;2006;75008;6 260 ;France
Q4;2005;75008;5 920 ;France
Q3;2005;75008;5 940 ;France
Q2;2005;75008;5 730 ;France
Q1;2005;75008;5 600 ;France
Q4;2004;75008;5 530 ;France
Q3;2004;75008;5 090 ;France
Q2;2004;75008;5 360 ;France
Q1;2004;75008;5 160 ;France
Q4;2003;75008;5 110 ;France
Q3;2003;75008;5 080 ;France
Q2;2003;75008;4 900 ;France
Q1;2003;75008;4 890 ;France
Q4;2002;75008;4 670 ;France
Q3;2002;75008;4 450 ;France
Q2;2002;75008;4 740 ;France
Q1;2002;75008;4 440 ;France
Q4;2001;75008;4 270 ;France
Q3;2001;75008;4 330 ;France
Q2;2001;75008;4 210 ;France
Q1;2001;75008;4 000 ;France
Q4;2000;75008;3 910 ;France
Q3;2000;75008;3 710 ;France
Q2;2000;75008;3 630 ;France
Q1;2000;75008;3 480 ;France
Q4;1999;75008;3 380 ;France
Q3;1999;75008;3 290 ;France
Q3;2019;75009;10 730 ;France
Q2;2019;75009;10 410 ;France
Q1;2019;75009;10 020 ;France
Q4;2018;75009;9 880 ;France
Q3;2018;75009;10 150 ;France
Q2;2018;75009;10 020 ;France
Q1;2018;75009;9 580 ;France
Q4;2017;75009;9 560 ;France
Q3;2017;75009;9 450 ;France
Q2;2017;75009;9 260 ;France
Q1;2017;75009;8 910 ;France
Q4;2016;75009;8 600 ;France
Q3;2016;75009;8 750 ;France
Q2;2016;75009;8 430 ;France
Q1;2016;75009;8 270 ;France
Q4;2015;75009;8 300 ;France
Q3;2015;75009;8 500 ;France
Q2;2015;75009;8 230 ;France
Q1;2015;75009;8 340 ;France
Q4;2014;75009;8 450 ;France
Q3;2014;75009;8 370 ;France
Q2;2014;75009;8 640 ;France
Q1;2014;75009;8 260 ;France
Q4;2013;75009;8 290 ;France
Q3;2013;75009;8 650 ;France
Q2;2013;75009;8 410 ;France
Q1;2013;75009;8 390 ;France
Q4;2012;75009;8 300 ;France
Q3;2012;75009;8 680 ;France
Q2;2012;75009;8 460 ;France
Q1;2012;75009;8 420 ;France
Q4;2011;75009;8 750 ;France
Q3;2011;75009;8 630 ;France
Q2;2011;75009;8 230 ;France
Q1;2011;75009;7 670 ;France
Q4;2010;75009;7 430 ;France
Q3;2010;75009;6 920 ;France
Q2;2010;75009;6 640 ;France
Q1;2010;75009;6 410 ;France
Q4;2009;75009;6 110 ;France
Q3;2009;75009;6 100 ;France
Q2;2009;75009;6 120 ;France
Q1;2009;75009;6 400 ;France
Q4;2008;75009;6 480 ;France
Q3;2008;75009;6 440 ;France
Q2;2008;75009;6 390 ;France
Q1;2008;75009;6 320 ;France
Q4;2007;75009;6 190 ;France
Q3;2007;75009;6 040 ;France
Q2;2007;75009;5 930 ;France
Q1;2007;75009;5 710 ;France
Q4;2006;75009;5 550 ;France
Q3;2006;75009;5 630 ;France
Q2;2006;75009;5 300 ;France
Q1;2006;75009;5 170 ;France
Q4;2005;75009;5 110 ;France
Q3;2005;75009;4 980 ;France
Q2;2005;75009;4 770 ;France
Q1;2005;75009;4 620 ;France
Q4;2004;75009;4 330 ;France
Q3;2004;75009;4 400 ;France
Q2;2004;75009;4 170 ;France
Q1;2004;75009;3 920 ;France
Q4;2003;75009;3 760 ;France
Q3;2003;75009;3 820 ;France
Q2;2003;75009;3 670 ;France
Q1;2003;75009;3 610 ;France
Q4;2002;75009;3 460 ;France
Q3;2002;75009;3 440 ;France
Q2;2002;75009;3 280 ;France
Q1;2002;75009;3 230 ;France
Q4;2001;75009;3 170 ;France
Q3;2001;75009;3 220 ;France
Q2;2001;75009;3 130 ;France
Q1;2001;75009;3 040 ;France
Q4;2000;75009;2 880 ;France
Q3;2000;75009;2 900 ;France
Q2;2000;75009;2 700 ;France
Q1;2000;75009;2 520 ;France
Q4;1999;75009;2 620 ;France
Q3;1999;75009;2 450 ;France
Q3;2019;75010;9 730 ;France
Q2;2019;75010;9 640 ;France
Q1;2019;75010;9 430 ;France
Q4;2018;75010;9 160 ;France
Q3;2018;75010;8 860 ;France
Q2;2018;75010;8 840 ;France
Q1;2018;75010;8 460 ;France
Q4;2017;75010;8 510 ;France
Q3;2017;75010;8 430 ;France
Q2;2017;75010;8 150 ;France
Q1;2017;75010;7 990 ;France
Q4;2016;75010;7 800 ;France
Q3;2016;75010;7 740 ;France
Q2;2016;75010;7 380 ;France
Q1;2016;75010;7 540 ;France
Q4;2015;75010;7 450 ;France
Q3;2015;75010;7 310 ;France
Q2;2015;75010;7 380 ;France
Q1;2015;75010;7 400 ;France
Q4;2014;75010;7 200 ;France
Q3;2014;75010;7 370 ;France
Q2;2014;75010;7 370 ;France
Q1;2014;75010;7 670 ;France
Q4;2013;75010;7 460 ;France
Q3;2013;75010;7 430 ;France
Q2;2013;75010;7 420 ;France
Q1;2013;75010;7 300 ;France
Q4;2012;75010;7 640 ;France
Q3;2012;75010;7 500 ;France
Q2;2012;75010;7 500 ;France
Q1;2012;75010;7 150 ;France
Q4;2011;75010;7 140 ;France
Q3;2011;75010;7 400 ;France
Q2;2011;75010;7 300 ;France
Q1;2011;75010;6 810 ;France
Q4;2010;75010;6 290 ;France
Q3;2010;75010;6 220 ;France
Q2;2010;75010;5 800 ;France
Q1;2010;75010;5 740 ;France
Q4;2009;75010;5 340 ;France
Q3;2009;75010;5 370 ;France
Q2;2009;75010;5 240 ;France
Q1;2009;75010;5 500 ;France
Q4;2008;75010;5 700 ;France
Q3;2008;75010;5 760 ;France
Q2;2008;75010;5 720 ;France
Q1;2008;75010;5 560 ;France
Q4;2007;75010;5 440 ;France
Q3;2007;75010;5 400 ;France
Q2;2007;75010;5 210 ;France
Q1;2007;75010;5 090 ;France
Q4;2006;75010;5 000 ;France
Q3;2006;75010;4 940 ;France
Q2;2006;75010;4 740 ;France
Q1;2006;75010;4 650 ;France
Q4;2005;75010;4 580 ;France
Q3;2005;75010;4 440 ;France
Q2;2005;75010;4 160 ;France
Q1;2005;75010;4 110 ;France
Q4;2004;75010;3 860 ;France
Q3;2004;75010;3 680 ;France
Q2;2004;75010;3 560 ;France
Q1;2004;75010;3 290 ;France
Q4;2003;75010;3 260 ;France
Q3;2003;75010;3 320 ;France
Q2;2003;75010;3 070 ;France
Q1;2003;75010;3 080 ;France
Q4;2002;75010;2 960 ;France
Q3;2002;75010;2 760 ;France
Q2;2002;75010;2 680 ;France
Q1;2002;75010;2 550 ;France
Q4;2001;75010;2 540 ;France
Q3;2001;75010;2 550 ;France
Q2;2001;75010;2 390 ;France
Q1;2001;75010;2 300 ;France
Q4;2000;75010;2 240 ;France
Q3;2000;75010;2 310 ;France
Q2;2000;75010;2 180 ;France
Q1;2000;75010;2 190 ;France
Q4;1999;75010;2 010 ;France
Q3;1999;75010;2 030 ;France
Q3;2019;75011;9 980 ;France
Q2;2019;75011;9 850 ;France
Q1;2019;75011;9 580 ;France
Q4;2018;75011;9 360 ;France
Q3;2018;75011;9 590 ;France
Q2;2018;75011;9 210 ;France
Q1;2018;75011;9 020 ;France
Q4;2017;75011;9 000 ;France
Q3;2017;75011;8 940 ;France
Q2;2017;75011;8 680 ;France
Q1;2017;75011;8 320 ;France
Q4;2016;75011;8 270 ;France
Q3;2016;75011;8 110 ;France
Q2;2016;75011;8 010 ;France
Q1;2016;75011;7 870 ;France
Q4;2015;75011;7 840 ;France
Q3;2015;75011;7 940 ;France
Q2;2015;75011;7 770 ;France
Q1;2015;75011;7 810 ;France
Q4;2014;75011;7 800 ;France
Q3;2014;75011;7 910 ;France
Q2;2014;75011;8 000 ;France
Q1;2014;75011;7 970 ;France
Q4;2013;75011;7 960 ;France
Q3;2013;75011;7 940 ;France
Q2;2013;75011;7 990 ;France
Q1;2013;75011;7 940 ;France
Q4;2012;75011;8 120 ;France
Q3;2012;75011;8 090 ;France
Q2;2012;75011;8 090 ;France
Q1;2012;75011;8 010 ;France
Q4;2011;75011;7 950 ;France
Q3;2011;75011;7 930 ;France
Q2;2011;75011;7 730 ;France
Q1;2011;75011;7 460 ;France
Q4;2010;75011;7 050 ;France
Q3;2010;75011;6 690 ;France
Q2;2010;75011;6 410 ;France
Q1;2010;75011;6 060 ;France
Q4;2009;75011;5 910 ;France
Q3;2009;75011;5 950 ;France
Q2;2009;75011;5 700 ;France
Q1;2009;75011;5 930 ;France
Q4;2008;75011;6 090 ;France
Q3;2008;75011;6 230 ;France
Q2;2008;75011;6 200 ;France
Q1;2008;75011;6 020 ;France
Q4;2007;75011;5 960 ;France
Q3;2007;75011;5 860 ;France
Q2;2007;75011;5 600 ;France
Q1;2007;75011;5 530 ;France
Q4;2006;75011;5 400 ;France
Q3;2006;75011;5 390 ;France
Q2;2006;75011;5 240 ;France
Q1;2006;75011;5 120 ;France
Q4;2005;75011;5 010 ;France
Q3;2005;75011;4 960 ;France
Q2;2005;75011;4 690 ;France
Q1;2005;75011;4 480 ;France
Q4;2004;75011;4 280 ;France
Q3;2004;75011;4 220 ;France
Q2;2004;75011;4 020 ;France
Q1;2004;75011;3 810 ;France
Q4;2003;75011;3 760 ;France
Q3;2003;75011;3 530 ;France
Q2;2003;75011;3 470 ;France
Q1;2003;75011;3 240 ;France
Q4;2002;75011;3 250 ;France
Q3;2002;75011;3 200 ;France
Q2;2002;75011;2 990 ;France
Q1;2002;75011;2 900 ;France
Q4;2001;75011;2 900 ;France
Q3;2001;75011;2 880 ;France
Q2;2001;75011;2 740 ;France
Q1;2001;75011;2 730 ;France
Q4;2000;75011;2 600 ;France
Q3;2000;75011;2 710 ;France
Q2;2000;75011;2 570 ;France
Q1;2000;75011;2 460 ;France
Q4;1999;75011;2 330 ;France
Q3;1999;75011;2 290 ;France
Q3;2019;75012;9 310 ;France
Q2;2019;75012;8 980 ;France
Q1;2019;75012;8 740 ;France
Q4;2018;75012;8 800 ;France
Q3;2018;75012;8 710 ;France
Q2;2018;75012;8 650 ;France
Q1;2018;75012;8 330 ;France
Q4;2017;75012;8 330 ;France
Q3;2017;75012;8 370 ;France
Q2;2017;75012;8 080 ;France
Q1;2017;75012;7 930 ;France
Q4;2016;75012;7 780 ;France
Q3;2016;75012;7 740 ;France
Q2;2016;75012;7 500 ;France
Q1;2016;75012;7 450 ;France
Q4;2015;75012;7 470 ;France
Q3;2015;75012;7 680 ;France
Q2;2015;75012;7 430 ;France
Q1;2015;75012;7 540 ;France
Q4;2014;75012;7 460 ;France
Q3;2014;75012;7 750 ;France
Q2;2014;75012;7 770 ;France
Q1;2014;75012;7 690 ;France
Q4;2013;75012;7 700 ;France
Q3;2013;75012;7 810 ;France
Q2;2013;75012;7 830 ;France
Q1;2013;75012;7 860 ;France
Q4;2012;75012;7 860 ;France
Q3;2012;75012;7 820 ;France
Q2;2012;75012;7 690 ;France
Q1;2012;75012;7 750 ;France
Q4;2011;75012;7 720 ;France
Q3;2011;75012;7 830 ;France
Q2;2011;75012;7 610 ;France
Q1;2011;75012;7 210 ;France
Q4;2010;75012;6 770 ;France
Q3;2010;75012;6 540 ;France
Q2;2010;75012;6 120 ;France
Q1;2010;75012;6 040 ;France
Q4;2009;75012;5 750 ;France
Q3;2009;75012;5 790 ;France
Q2;2009;75012;5 750 ;France
Q1;2009;75012;5 840 ;France
Q4;2008;75012;5 930 ;France
Q3;2008;75012;6 200 ;France
Q2;2008;75012;6 090 ;France
Q1;2008;75012;5 860 ;France
Q4;2007;75012;6 010 ;France
Q3;2007;75012;5 790 ;France
Q2;2007;75012;5 710 ;France
Q1;2007;75012;5 580 ;France
Q4;2006;75012;5 490 ;France
Q3;2006;75012;5 380 ;France
Q2;2006;75012;5 230 ;France
Q1;2006;75012;5 090 ;France
Q4;2005;75012;4 930 ;France
Q3;2005;75012;4 860 ;France
Q2;2005;75012;4 640 ;France
Q1;2005;75012;4 510 ;France
Q4;2004;75012;4 350 ;France
Q3;2004;75012;4 270 ;France
Q2;2004;75012;4 030 ;France
Q1;2004;75012;4 000 ;France
Q4;2003;75012;3 770 ;France
Q3;2003;75012;3 660 ;France
Q2;2003;75012;3 600 ;France
Q1;2003;75012;3 400 ;France
Q4;2002;75012;3 390 ;France
Q3;2002;75012;3 190 ;France
Q2;2002;75012;3 180 ;France
Q1;2002;75012;3 000 ;France
Q4;2001;75012;2 950 ;France
Q3;2001;75012;3 020 ;France
Q2;2001;75012;2 890 ;France
Q1;2001;75012;2 810 ;France
Q4;2000;75012;2 740 ;France
Q3;2000;75012;2 630 ;France
Q2;2000;75012;2 640 ;France
Q1;2000;75012;2 530 ;France
Q4;1999;75012;2 400 ;France
Q3;1999;75012;2 410 ;France
Q3;2019;75013;9 060 ;France
Q2;2019;75013;8 660 ;France
Q1;2019;75013;8 690 ;France
Q4;2018;75013;8 600 ;France
Q3;2018;75013;8 610 ;France
Q2;2018;75013;8 330 ;France
Q1;2018;75013;8 250 ;France
Q4;2017;75013;8 250 ;France
Q3;2017;75013;8 280 ;France
Q2;2017;75013;8 090 ;France
Q1;2017;75013;7 770 ;France
Q4;2016;75013;7 920 ;France
Q3;2016;75013;7 610 ;France
Q2;2016;75013;7 450 ;France
Q1;2016;75013;7 560 ;France
Q4;2015;75013;7 470 ;France
Q3;2015;75013;7 390 ;France
Q2;2015;75013;7 260 ;France
Q1;2015;75013;7 290 ;France
Q4;2014;75013;7 580 ;France
Q3;2014;75013;7 730 ;France
Q2;2014;75013;7 630 ;France
Q1;2014;75013;7 690 ;France
Q4;2013;75013;7 600 ;France
Q3;2013;75013;7 870 ;France
Q2;2013;75013;7 700 ;France
Q1;2013;75013;7 840 ;France
Q4;2012;75013;7 740 ;France
Q3;2012;75013;7 850 ;France
Q2;2012;75013;7 950 ;France
Q1;2012;75013;7 640 ;France
Q4;2011;75013;7 720 ;France
Q3;2011;75013;7 680 ;France
Q2;2011;75013;7 580 ;France
Q1;2011;75013;7 120 ;France
Q4;2010;75013;6 810 ;France
Q3;2010;75013;6 650 ;France
Q2;2010;75013;6 250 ;France
Q1;2010;75013;6 010 ;France
Q4;2009;75013;5 720 ;France
Q3;2009;75013;5 840 ;France
Q2;2009;75013;5 710 ;France
Q1;2009;75013;5 880 ;France
Q4;2008;75013;6 120 ;France
Q3;2008;75013;6 140 ;France
Q2;2008;75013;6 080 ;France
Q1;2008;75013;5 940 ;France
Q4;2007;75013;5 940 ;France
Q3;2007;75013;5 980 ;France
Q2;2007;75013;5 730 ;France
Q1;2007;75013;5 520 ;France
Q4;2006;75013;5 450 ;France
Q3;2006;75013;5 500 ;France
Q2;2006;75013;5 350 ;France
Q1;2006;75013;5 240 ;France
Q4;2005;75013;5 090 ;France
Q3;2005;75013;4 990 ;France
Q2;2005;75013;4 740 ;France
Q1;2005;75013;4 650 ;France
Q4;2004;75013;4 490 ;France
Q3;2004;75013;4 410 ;France
Q2;2004;75013;4 130 ;France
Q1;2004;75013;3 970 ;France
Q4;2003;75013;4 050 ;France
Q3;2003;75013;3 880 ;France
Q2;2003;75013;3 700 ;France
Q1;2003;75013;3 480 ;France
Q4;2002;75013;3 390 ;France
Q3;2002;75013;3 380 ;France
Q2;2002;75013;3 140 ;France
Q1;2002;75013;3 100 ;France
Q4;2001;75013;3 090 ;France
Q3;2001;75013;3 090 ;France
Q2;2001;75013;2 890 ;France
Q1;2001;75013;2 900 ;France
Q4;2000;75013;2 770 ;France
Q3;2000;75013;2 780 ;France
Q2;2000;75013;2 660 ;France
Q1;2000;75013;2 560 ;France
Q4;1999;75013;2 460 ;France
Q3;1999;75013;2 440 ;France
Q3;2019;75014;10 170 ;France
Q2;2019;75014;10 050 ;France
Q1;2019;75014;9 590 ;France
Q4;2018;75014;9 540 ;France
Q3;2018;75014;9 350 ;France
Q2;2018;75014;9 440 ;France
Q1;2018;75014;8 970 ;France
Q4;2017;75014;9 080 ;France
Q3;2017;75014;8 710 ;France
Q2;2017;75014;8 880 ;France
Q1;2017;75014;8 550 ;France
Q4;2016;75014;8 450 ;France
Q3;2016;75014;8 320 ;France
Q2;2016;75014;8 460 ;France
Q1;2016;75014;8 300 ;France
Q4;2015;75014;8 270 ;France
Q3;2015;75014;8 370 ;France
Q2;2015;75014;8 150 ;France
Q1;2015;75014;8 170 ;France
Q4;2014;75014;8 250 ;France
Q3;2014;75014;8 510 ;France
Q2;2014;75014;8 180 ;France
Q1;2014;75014;8 350 ;France
Q4;2013;75014;8 330 ;France
Q3;2013;75014;8 580 ;France
Q2;2013;75014;8 380 ;France
Q1;2013;75014;8 710 ;France
Q4;2012;75014;8 570 ;France
Q3;2012;75014;8 590 ;France
Q2;2012;75014;8 490 ;France
Q1;2012;75014;8 560 ;France
Q4;2011;75014;8 630 ;France
Q3;2011;75014;8 560 ;France
Q2;2011;75014;8 280 ;France
Q1;2011;75014;7 990 ;France
Q4;2010;75014;7 690 ;France
Q3;2010;75014;7 180 ;France
Q2;2010;75014;6 910 ;France
Q1;2010;75014;6 520 ;France
Q4;2009;75014;6 530 ;France
Q3;2009;75014;6 470 ;France
Q2;2009;75014;6 340 ;France
Q1;2009;75014;6 570 ;France
Q4;2008;75014;6 750 ;France
Q3;2008;75014;6 980 ;France
Q2;2008;75014;6 810 ;France
Q1;2008;75014;6 690 ;France
Q4;2007;75014;6 420 ;France
Q3;2007;75014;6 440 ;France
Q2;2007;75014;6 200 ;France
Q1;2007;75014;6 090 ;France
Q4;2006;75014;6 030 ;France
Q3;2006;75014;6 050 ;France
Q2;2006;75014;5 880 ;France
Q1;2006;75014;5 710 ;France
Q4;2005;75014;5 610 ;France
Q3;2005;75014;5 530 ;France
Q2;2005;75014;5 350 ;France
Q1;2005;75014;5 110 ;France
Q4;2004;75014;4 830 ;France
Q3;2004;75014;4 880 ;France
Q2;2004;75014;4 660 ;France
Q1;2004;75014;4 560 ;France
Q4;2003;75014;4 320 ;France
Q3;2003;75014;4 160 ;France
Q2;2003;75014;4 170 ;France
Q1;2003;75014;3 930 ;France
Q4;2002;75014;3 850 ;France
Q3;2002;75014;3 790 ;France
Q2;2002;75014;3 600 ;France
Q1;2002;75014;3 540 ;France
Q4;2001;75014;3 470 ;France
Q3;2001;75014;3 410 ;France
Q2;2001;75014;3 440 ;France
Q1;2001;75014;3 230 ;France
Q4;2000;75014;3 200 ;France
Q3;2000;75014;3 230 ;France
Q2;2000;75014;3 250 ;France
Q1;2000;75014;3 040 ;France
Q4;1999;75014;2 930 ;France
Q3;1999;75014;2 950 ;France
Q3;2019;75015;10 030 ;France
Q2;2019;75015;9 790 ;France
Q1;2019;75015;9 580 ;France
Q4;2018;75015;9 520 ;France
Q3;2018;75015;9 360 ;France
Q2;2018;75015;9 180 ;France
Q1;2018;75015;8 990 ;France
Q4;2017;75015;9 170 ;France
Q3;2017;75015;9 040 ;France
Q2;2017;75015;8 710 ;France
Q1;2017;75015;8 500 ;France
Q4;2016;75015;8 410 ;France
Q3;2016;75015;8 450 ;France
Q2;2016;75015;8 260 ;France
Q1;2016;75015;8 170 ;France
Q4;2015;75015;8 130 ;France
Q3;2015;75015;8 270 ;France
Q2;2015;75015;8 020 ;France
Q1;2015;75015;8 230 ;France
Q4;2014;75015;8 300 ;France
Q3;2014;75015;8 360 ;France
Q2;2014;75015;8 350 ;France
Q1;2014;75015;8 350 ;France
Q4;2013;75015;8 450 ;France
Q3;2013;75015;8 540 ;France
Q2;2013;75015;8 610 ;France
Q1;2013;75015;8 400 ;France
Q4;2012;75015;8 550 ;France
Q3;2012;75015;8 660 ;France
Q2;2012;75015;8 560 ;France
Q1;2012;75015;8 500 ;France
Q4;2011;75015;8 600 ;France
Q3;2011;75015;8 570 ;France
Q2;2011;75015;8 340 ;France
Q1;2011;75015;7 840 ;France
Q4;2010;75015;7 470 ;France
Q3;2010;75015;7 260 ;France
Q2;2010;75015;6 820 ;France
Q1;2010;75015;6 570 ;France
Q4;2009;75015;6 320 ;France
Q3;2009;75015;6 260 ;France
Q2;2009;75015;6 200 ;France
Q1;2009;75015;6 400 ;France
Q4;2008;75015;6 640 ;France
Q3;2008;75015;6 710 ;France
Q2;2008;75015;6 770 ;France
Q1;2008;75015;6 580 ;France
Q4;2007;75015;6 550 ;France
Q3;2007;75015;6 470 ;France
Q2;2007;75015;6 260 ;France
Q1;2007;75015;6 170 ;France
Q4;2006;75015;6 060 ;France
Q3;2006;75015;5 940 ;France
Q2;2006;75015;5 760 ;France
Q1;2006;75015;5 630 ;France
Q4;2005;75015;5 660 ;France
Q3;2005;75015;5 540 ;France
Q2;2005;75015;5 140 ;France
Q1;2005;75015;4 950 ;France
Q4;2004;75015;4 850 ;France
Q3;2004;75015;4 750 ;France
Q2;2004;75015;4 590 ;France
Q1;2004;75015;4 430 ;France
Q4;2003;75015;4 300 ;France
Q3;2003;75015;4 280 ;France
Q2;2003;75015;4 030 ;France
Q1;2003;75015;3 940 ;France
Q4;2002;75015;3 810 ;France
Q3;2002;75015;3 760 ;France
Q2;2002;75015;3 570 ;France
Q1;2002;75015;3 480 ;France
Q4;2001;75015;3 460 ;France
Q3;2001;75015;3 450 ;France
Q2;2001;75015;3 360 ;France
Q1;2001;75015;3 240 ;France
Q4;2000;75015;3 240 ;France
Q3;2000;75015;3 250 ;France
Q2;2000;75015;3 080 ;France
Q1;2000;75015;3 060 ;France
Q4;1999;75015;2 940 ;France
Q3;1999;75015;2 820 ;France
Q3;2019;75016;10 680 ;France
Q2;2019;75016;10 470 ;France
Q1;2019;75016;10 370 ;France
Q4;2018;75016;10 300 ;France
Q3;2018;75016;10 060 ;France
Q2;2018;75016;9 850 ;France
Q1;2018;75016;9 590 ;France
Q4;2017;75016;9 730 ;France
Q3;2017;75016;9 480 ;France
Q2;2017;75016;9 320 ;France
Q1;2017;75016;8 900 ;France
Q4;2016;75016;8 850 ;France
Q3;2016;75016;8 860 ;France
Q2;2016;75016;8 750 ;France
Q1;2016;75016;8 690 ;France
Q4;2015;75016;8 570 ;France
Q3;2015;75016;8 610 ;France
Q2;2015;75016;8 500 ;France
Q1;2015;75016;8 600 ;France
Q4;2014;75016;8 660 ;France
Q3;2014;75016;8 870 ;France
Q2;2014;75016;8 950 ;France
Q1;2014;75016;8 780 ;France
Q4;2013;75016;9 020 ;France
Q3;2013;75016;9 120 ;France
Q2;2013;75016;9 060 ;France
Q1;2013;75016;9 160 ;France
Q4;2012;75016;9 160 ;France
Q3;2012;75016;9 590 ;France
Q2;2012;75016;9 240 ;France
Q1;2012;75016;9 140 ;France
Q4;2011;75016;9 310 ;France
Q3;2011;75016;9 200 ;France
Q2;2011;75016;9 120 ;France
Q1;2011;75016;8 770 ;France
Q4;2010;75016;8 190 ;France
Q3;2010;75016;7 700 ;France
Q2;2010;75016;7 470 ;France
Q1;2010;75016;7 170 ;France
Q4;2009;75016;6 790 ;France
Q3;2009;75016;6 880 ;France
Q2;2009;75016;6 780 ;France
Q1;2009;75016;7 080 ;France
Q4;2008;75016;7 270 ;France
Q3;2008;75016;7 570 ;France
Q2;2008;75016;7 390 ;France
Q1;2008;75016;7 280 ;France
Q4;2007;75016;7 130 ;France
Q3;2007;75016;7 000 ;France
Q2;2007;75016;6 730 ;France
Q1;2007;75016;6 500 ;France
Q4;2006;75016;6 490 ;France
Q3;2006;75016;6 260 ;France
Q2;2006;75016;6 120 ;France
Q1;2006;75016;5 960 ;France
Q4;2005;75016;5 960 ;France
Q3;2005;75016;5 640 ;France
Q2;2005;75016;5 610 ;France
Q1;2005;75016;5 370 ;France
Q4;2004;75016;5 280 ;France
Q3;2004;75016;5 150 ;France
Q2;2004;75016;5 100 ;France
Q1;2004;75016;4 890 ;France
Q4;2003;75016;4 720 ;France
Q3;2003;75016;4 830 ;France
Q2;2003;75016;4 620 ;France
Q1;2003;75016;4 600 ;France
Q4;2002;75016;4 570 ;France
Q3;2002;75016;4 440 ;France
Q2;2002;75016;4 230 ;France
Q1;2002;75016;4 160 ;France
Q4;2001;75016;4 220 ;France
Q3;2001;75016;4 130 ;France
Q2;2001;75016;4 030 ;France
Q1;2001;75016;3 980 ;France
Q4;2000;75016;3 870 ;France
Q3;2000;75016;3 840 ;France
Q2;2000;75016;3 780 ;France
Q1;2000;75016;3 720 ;France
Q4;1999;75016;3 470 ;France
Q3;1999;75016;3 410 ;France
Q3;2019;75017;10 210 ;France
Q2;2019;75017;10 110 ;France
Q1;2019;75017;9 950 ;France
Q4;2018;75017;9 880 ;France
Q3;2018;75017;9 610 ;France
Q2;2018;75017;9 420 ;France
Q1;2018;75017;9 340 ;France
Q4;2017;75017;9 120 ;France
Q3;2017;75017;9 080 ;France
Q2;2017;75017;8 820 ;France
Q1;2017;75017;8 500 ;France
Q4;2016;75017;8 460 ;France
Q3;2016;75017;8 300 ;France
Q2;2016;75017;8 170 ;France
Q1;2016;75017;8 030 ;France
Q4;2015;75017;7 970 ;France
Q3;2015;75017;8 060 ;France
Q2;2015;75017;7 950 ;France
Q1;2015;75017;8 020 ;France
Q4;2014;75017;7 940 ;France
Q3;2014;75017;8 140 ;France
Q2;2014;75017;8 210 ;France
Q1;2014;75017;8 190 ;France
Q4;2013;75017;8 030 ;France
Q3;2013;75017;8 260 ;France
Q2;2013;75017;8 210 ;France
Q1;2013;75017;8 370 ;France
Q4;2012;75017;8 460 ;France
Q3;2012;75017;8 570 ;France
Q2;2012;75017;8 450 ;France
Q1;2012;75017;8 320 ;France
Q4;2011;75017;8 400 ;France
Q3;2011;75017;8 550 ;France
Q2;2011;75017;8 150 ;France
Q1;2011;75017;7 780 ;France
Q4;2010;75017;7 390 ;France
Q3;2010;75017;7 010 ;France
Q2;2010;75017;6 660 ;France
Q1;2010;75017;6 380 ;France
Q4;2009;75017;6 240 ;France
Q3;2009;75017;6 070 ;France
Q2;2009;75017;5 970 ;France
Q1;2009;75017;6 280 ;France
Q4;2008;75017;6 370 ;France
Q3;2008;75017;6 500 ;France
Q2;2008;75017;6 480 ;France
Q1;2008;75017;6 280 ;France
Q4;2007;75017;6 240 ;France
Q3;2007;75017;6 150 ;France
Q2;2007;75017;5 860 ;France
Q1;2007;75017;5 840 ;France
Q4;2006;75017;5 590 ;France
Q3;2006;75017;5 570 ;France
Q2;2006;75017;5 420 ;France
Q1;2006;75017;5 380 ;France
Q4;2005;75017;5 160 ;France
Q3;2005;75017;5 170 ;France
Q2;2005;75017;4 900 ;France
Q1;2005;75017;4 750 ;France
Q4;2004;75017;4 560 ;France
Q3;2004;75017;4 390 ;France
Q2;2004;75017;4 290 ;France
Q1;2004;75017;4 050 ;France
Q4;2003;75017;3 950 ;France
Q3;2003;75017;3 950 ;France
Q2;2003;75017;3 710 ;France
Q1;2003;75017;3 610 ;France
Q4;2002;75017;3 430 ;France
Q3;2002;75017;3 480 ;France
Q2;2002;75017;3 300 ;France
Q1;2002;75017;3 230 ;France
Q4;2001;75017;3 160 ;France
Q3;2001;75017;3 160 ;France
Q2;2001;75017;3 020 ;France
Q1;2001;75017;3 140 ;France
Q4;2000;75017;2 990 ;France
Q3;2000;75017;2 930 ;France
Q2;2000;75017;2 910 ;France
Q1;2000;75017;2 640 ;France
Q4;1999;75017;2 710 ;France
Q3;1999;75017;2 520 ;France
Q3;2019;75018;9 360 ;France
Q2;2019;75018;9 110 ;France
Q1;2019;75018;8 860 ;France
Q4;2018;75018;8 720 ;France
Q3;2018;75018;8 880 ;France
Q2;2018;75018;8 570 ;France
Q1;2018;75018;8 300 ;France
Q4;2017;75018;8 280 ;France
Q3;2017;75018;8 320 ;France
Q2;2017;75018;7 770 ;France
Q1;2017;75018;7 660 ;France
Q4;2016;75018;7 640 ;France
Q3;2016;75018;7 510 ;France
Q2;2016;75018;7 310 ;France
Q1;2016;75018;7 230 ;France
Q4;2015;75018;7 160 ;France
Q3;2015;75018;7 210 ;France
Q2;2015;75018;7 160 ;France
Q1;2015;75018;6 990 ;France
Q4;2014;75018;7 070 ;France
Q3;2014;75018;7 130 ;France
Q2;2014;75018;7 200 ;France
Q1;2014;75018;7 060 ;France
Q4;2013;75018;7 250 ;France
Q3;2013;75018;7 180 ;France
Q2;2013;75018;7 200 ;France
Q1;2013;75018;7 340 ;France
Q4;2012;75018;6 980 ;France
Q3;2012;75018;7 270 ;France
Q2;2012;75018;7 380 ;France
Q1;2012;75018;7 310 ;France
Q4;2011;75018;7 380 ;France
Q3;2011;75018;7 310 ;France
Q2;2011;75018;7 090 ;France
Q1;2011;75018;6 660 ;France
Q4;2010;75018;6 450 ;France
Q3;2010;75018;6 220 ;France
Q2;2010;75018;5 890 ;France
Q1;2010;75018;5 630 ;France
Q4;2009;75018;5 390 ;France
Q3;2009;75018;5 410 ;France
Q2;2009;75018;5 250 ;France
Q1;2009;75018;5 460 ;France
Q4;2008;75018;5 600 ;France
Q3;2008;75018;5 850 ;France
Q2;2008;75018;5 680 ;France
Q1;2008;75018;5 520 ;France
Q4;2007;75018;5 530 ;France
Q3;2007;75018;5 370 ;France
Q2;2007;75018;5 290 ;France
Q1;2007;75018;5 150 ;France
Q4;2006;75018;5 120 ;France
Q3;2006;75018;5 030 ;France
Q2;2006;75018;4 790 ;France
Q1;2006;75018;4 620 ;France
Q4;2005;75018;4 570 ;France
Q3;2005;75018;4 490 ;France
Q2;2005;75018;4 220 ;France
Q1;2005;75018;4 050 ;France
Q4;2004;75018;3 840 ;France
Q3;2004;75018;3 730 ;France
Q2;2004;75018;3 540 ;France
Q1;2004;75018;3 350 ;France
Q4;2003;75018;3 290 ;France
Q3;2003;75018;3 130 ;France
Q2;2003;75018;2 980 ;France
Q1;2003;75018;2 840 ;France
Q4;2002;75018;2 730 ;France
Q3;2002;75018;2 690 ;France
Q2;2002;75018;2 610 ;France
Q1;2002;75018;2 510 ;France
Q4;2001;75018;2 450 ;France
Q3;2001;75018;2 460 ;France
Q2;2001;75018;2 360 ;France
Q1;2001;75018;2 350 ;France
Q4;2000;75018;2 310 ;France
Q3;2000;75018;2 140 ;France
Q2;2000;75018;2 120 ;France
Q1;2000;75018;2 100 ;France
Q4;1999;75018;1 980 ;France
Q3;1999;75018;1 980 ;France
Q3;2019;75019;8 490 ;France
Q2;2019;75019;8 250 ;France
Q1;2019;75019;8 370 ;France
Q4;2018;75019;8 000 ;France
Q3;2018;75019;7 800 ;France
Q2;2018;75019;7 720 ;France
Q1;2018;75019;7 340 ;France
Q4;2017;75019;7 360 ;France
Q3;2017;75019;7 050 ;France
Q2;2017;75019;6 940 ;France
Q1;2017;75019;6 790 ;France
Q4;2016;75019;6 720 ;France
Q3;2016;75019;6 860 ;France
Q2;2016;75019;6 480 ;France
Q1;2016;75019;6 280 ;France
Q4;2015;75019;6 390 ;France
Q3;2015;75019;6 540 ;France
Q2;2015;75019;6 420 ;France
Q1;2015;75019;6 580 ;France
Q4;2014;75019;6 570 ;France
Q3;2014;75019;6 710 ;France
Q2;2014;75019;6 660 ;France
Q1;2014;75019;6 680 ;France
Q4;2013;75019;6 650 ;France
Q3;2013;75019;6 820 ;France
Q2;2013;75019;6 600 ;France
Q1;2013;75019;6 760 ;France
Q4;2012;75019;6 670 ;France
Q3;2012;75019;6 760 ;France
Q2;2012;75019;6 630 ;France
Q1;2012;75019;6 570 ;France
Q4;2011;75019;6 520 ;France
Q3;2011;75019;6 650 ;France
Q2;2011;75019;6 440 ;France
Q1;2011;75019;6 300 ;France
Q4;2010;75019;5 770 ;France
Q3;2010;75019;5 690 ;France
Q2;2010;75019;5 310 ;France
Q1;2010;75019;5 140 ;France
Q4;2009;75019;4 870 ;France
Q3;2009;75019;4 930 ;France
Q2;2009;75019;4 750 ;France
Q1;2009;75019;4 920 ;France
Q4;2008;75019;5 120 ;France
Q3;2008;75019;5 320 ;France
Q2;2008;75019;5 290 ;France
Q1;2008;75019;5 170 ;France
Q4;2007;75019;5 120 ;France
Q3;2007;75019;4 990 ;France
Q2;2007;75019;4 780 ;France
Q1;2007;75019;4 700 ;France
Q4;2006;75019;4 670 ;France
Q3;2006;75019;4 560 ;France
Q2;2006;75019;4 380 ;France
Q1;2006;75019;4 310 ;France
Q4;2005;75019;4 130 ;France
Q3;2005;75019;4 060 ;France
Q2;2005;75019;3 860 ;France
Q1;2005;75019;3 590 ;France
Q4;2004;75019;3 490 ;France
Q3;2004;75019;3 420 ;France
Q2;2004;75019;3 210 ;France
Q1;2004;75019;3 010 ;France
Q4;2003;75019;3 000 ;France
Q3;2003;75019;2 950 ;France
Q2;2003;75019;2 800 ;France
Q1;2003;75019;2 670 ;France
Q4;2002;75019;2 590 ;France
Q3;2002;75019;2 570 ;France
Q2;2002;75019;2 410 ;France
Q1;2002;75019;2 340 ;France
Q4;2001;75019;2 320 ;France
Q3;2001;75019;2 320 ;France
Q2;2001;75019;2 200 ;France
Q1;2001;75019;2 140 ;France
Q4;2000;75019;2 150 ;France
Q3;2000;75019;2 120 ;France
Q2;2000;75019;2 050 ;France
Q1;2000;75019;1 940 ;France
Q4;1999;75019;1 880 ;France
Q3;1999;75019;1 910 ;France
Q3;2019;75020;8 560 ;France
Q2;2019;75020;8 380 ;France
Q1;2019;75020;8 220 ;France
Q4;2018;75020;8 080 ;France
Q3;2018;75020;8 230 ;France
Q2;2018;75020;7 930 ;France
Q1;2018;75020;7 730 ;France
Q4;2017;75020;7 770 ;France
Q3;2017;75020;7 610 ;France
Q2;2017;75020;7 200 ;France
Q1;2017;75020;7 250 ;France
Q4;2016;75020;7 060 ;France
Q3;2016;75020;7 090 ;France
Q2;2016;75020;6 820 ;France
Q1;2016;75020;6 810 ;France
Q4;2015;75020;6 710 ;France
Q3;2015;75020;6 810 ;France
Q2;2015;75020;6 710 ;France
Q1;2015;75020;6 840 ;France
Q4;2014;75020;6 810 ;France
Q3;2014;75020;6 880 ;France
Q2;2014;75020;6 810 ;France
Q1;2014;75020;6 870 ;France
Q4;2013;75020;6 870 ;France
Q3;2013;75020;7 070 ;France
Q2;2013;75020;6 840 ;France
Q1;2013;75020;7 100 ;France
Q4;2012;75020;6 840 ;France
Q3;2012;75020;7 070 ;France
Q2;2012;75020;6 840 ;France
Q1;2012;75020;6 790 ;France
Q4;2011;75020;7 120 ;France
Q3;2011;75020;7 130 ;France
Q2;2011;75020;6 740 ;France
Q1;2011;75020;6 330 ;France
Q4;2010;75020;6 120 ;France
Q3;2010;75020;5 870 ;France
Q2;2010;75020;5 560 ;France
Q1;2010;75020;5 360 ;France
Q4;2009;75020;5 250 ;France
Q3;2009;75020;5 210 ;France
Q2;2009;75020;5 050 ;France
Q1;2009;75020;5 120 ;France
Q4;2008;75020;5 490 ;France
Q3;2008;75020;5 460 ;France
Q2;2008;75020;5 460 ;France
Q1;2008;75020;5 400 ;France
Q4;2007;75020;5 400 ;France
Q3;2007;75020;5 280 ;France
Q2;2007;75020;5 090 ;France
Q1;2007;75020;5 010 ;France
Q4;2006;75020;4 830 ;France
Q3;2006;75020;4 800 ;France
Q2;2006;75020;4 720 ;France
Q1;2006;75020;4 540 ;France
Q4;2005;75020;4 400 ;France
Q3;2005;75020;4 290 ;France
Q2;2005;75020;3 980 ;France
Q1;2005;75020;3 960 ;France
Q4;2004;75020;3 740 ;France
Q3;2004;75020;3 680 ;France
Q2;2004;75020;3 440 ;France
Q1;2004;75020;3 330 ;France
Q4;2003;75020;3 150 ;France
Q3;2003;75020;3 110 ;France
Q2;2003;75020;2 900 ;France
Q1;2003;75020;2 790 ;France
Q4;2002;75020;2 730 ;France
Q3;2002;75020;2 590 ;France
Q2;2002;75020;2 510 ;France
Q1;2002;75020;2 450 ;France
Q4;2001;75020;2 380 ;France
Q3;2001;75020;2 400 ;France
Q2;2001;75020;2 310 ;France
Q1;2001;75020;2 210 ;France
Q4;2000;75020;2 230 ;France
Q3;2000;75020;2 220 ;France
Q2;2000;75020;2 130 ;France
Q1;2000;75020;2 180 ;France
Q4;1999;75020;2 060 ;France
Q3;1999;75020;2 030 ;France
